Post_ID,Date,Time,User,Content,Hashtags,Category,Likes,Comments,Shares,Expected_Sentiment
POST_028,2026-07-15,08:00:00,AIInsights,Sharing today's update and the latest observations from the project. Exploring education trends and insights.,#Python #CareerGrowth,Education,137,162,343,Neutral
POST_202,2026-07-15,08:30:00,TechNeha,Absolutely loved this update! The results are amazing and exciting. Exploring ai trends and insights.,#GenerativeAI #ArtificialIntelligence #AI,AI,1963,262,734,Positive
POST_220,2026-07-15,08:50:00,AnalyticsGuru,A new feature has been released for users to explore. Exploring technology trends and insights.,#TechNews #Coding #Innovation #Technology,Technology,667,269,98,Neutral
POST_160,2026-07-15,10:30:00,MLExplorer,Great insights and an excellent learning experience today. Exploring business trends and insights.,#Entrepreneurship #Startups #Marketing #Business,Business,1563,253,278,Positive
POST_045,2026-07-15,11:00:00,DataNinja,So excited to share this wonderful milestone with everyone! Exploring ai trends and insights.,#GenerativeAI #ArtificialIntelligence #AI,AI,2393,219,463,Positive
POST_159,2026-07-15,20:30:00,DevVibes,The experience has been poor so far and several problems remain. Exploring business trends and insights.,#Business #Entrepreneurship,Business,192,314,470,Negative
POST_030,2026-07-15,22:00:00,MLExplorer,Facing some frustrating issues with the latest release. Exploring data science trends and insights.,#Python #DataScience #BigData #Analytics,Data Science,227,261,287,Negative
POST_041,2026-07-15,22:20:00,DataWithAarav,Absolutely loved this update! The results are amazing and exciting. Exploring education trends and insights.,#Education #CareerGrowth,Education,2063,58,170,Positive
POST_092,2026-07-15,23:50:00,DataWithAarav,This update was disappointing and the results need improvement. Exploring ai trends and insights.,#MachineLearning #AI,AI,3152,63,685,Negative
POST_170,2026-07-16,08:50:00,DevVibes,Testing a new approach and documenting the results. Exploring education trends and insights.,#Learning #Education #CareerGrowth #Python,Education,859,61,360,Neutral
POST_137,2026-07-16,17:30:00,DataNinja,Not happy with the current results. More work is required. Exploring education trends and insights.,#Education #Python,Education,1271,41,263,Negative
POST_059,2026-07-16,19:40:00,AIInsights,Great insights and an excellent learning experience today. Exploring technology trends and insights.,#Innovation #Coding #TechNews #Technology,Technology,2344,33,74,Positive
POST_209,2026-07-16,21:20:00,MLExplorer,Facing some frustrating issues with the latest release. Exploring data science trends and insights.,#DataScience #Analytics #Python,Data Science,1238,247,266,Negative
POST_069,2026-07-17,11:20:00,DevVibes,The experience has been poor so far and several problems remain. Exploring business trends and insights.,#Startups #Business #Marketing,Business,1596,312,84,Negative
POST_140,2026-07-17,12:00:00,CodeWithRiya,Here are some useful insights from the data analysis. Exploring lifestyle trends and insights.,#Motivation #Lifestyle #DailyLife #Productivity,Lifestyle,1424,330,28,Neutral
POST_081,2026-07-17,14:30:00,AnalyticsGuru,Absolutely loved this update! The results are amazing and exciting. Exploring data science trends and insights.,#BigData #Analytics,Data Science,489,30,435,Positive
POST_118,2026-07-17,16:10:00,MLExplorer,Great insights and an excellent learning experience today. Exploring education trends and insights.,#Python #Learning #CareerGrowth #Education,Education,403,159,6,Positive
POST_178,2026-07-17,19:40:00,CloudCoder,Here are some useful insights from the data analysis. Exploring business trends and insights.,#Marketing #Startups #Business #Entrepreneurship,Business,1541,281,419,Neutral
POST_072,2026-07-17,22:20:00,TrendTracker,This is a fantastic achievement. Really happy with the progress! Exploring lifestyle trends and insights.,#DailyLife #Motivation,Lifestyle,1457,182,190,Positive
POST_123,2026-07-17,22:20:00,CodeWithRiya,This is a fantastic achievement. Really happy with the progress! Exploring entertainment trends and insights.,#Trending #Music #Entertainment #Movies,Entertainment,191,212,499,Positive
POST_147,2026-07-17,23:00:00,DataNinja,Sharing today's update and the latest observations from the project. Exploring ai trends and insights.,#AI #GenerativeAI #ArtificialIntelligence #MachineLearning,AI,2308,76,500,Neutral
POST_022,2026-07-18,08:50:00,DataNinja,Absolutely loved this update! The results are amazing and exciting. Exploring ai trends and insights.,#MachineLearning #ArtificialIntelligence #GenerativeAI #AI,AI,1462,278,205,Positive
POST_230,2026-07-18,09:30:00,PythonDev,Testing a new approach and documenting the results. Exploring entertainment trends and insights.,#Trending #Music #Entertainment #Movies,Entertainment,1838,326,403,Neutral
POST_228,2026-07-18,10:40:00,PythonDev,Not happy with the current results. More work is required. Exploring business trends and insights.,#Entrepreneurship #Startups #Marketing,Business,2469,161,231,Negative
POST_106,2026-07-18,12:40:00,DevVibes,Great insights and an excellent learning experience today. Exploring data science trends and insights.,#Python #Analytics #DataScience,Data Science,1145,219,301,Positive
POST_023,2026-07-18,13:40:00,ShreyaAI,A new feature has been released for users to explore. Exploring business trends and insights.,#Startups #Business,Business,2042,335,380,Neutral
POST_212,2026-07-19,08:40:00,PythonDev,Not happy with the current results. More work is required. Exploring technology trends and insights.,#Technology #TechNews #Innovation #Coding,Technology,1032,144,440,Negative
POST_080,2026-07-19,09:10:00,AnalyticsGuru,The experience has been poor so far and several problems remain. Exploring business trends and insights.,#Marketing #Business #Entrepreneurship,Business,268,89,184,Negative
POST_068,2026-07-19,09:50:00,DataWithAarav,This update was disappointing and the results need improvement. Exploring business trends and insights.,#Business #Startups #Marketing #Entrepreneurship,Business,324,281,404,Negative
POST_055,2026-07-19,12:50:00,DataNinja,Here are some useful insights from the data analysis. Exploring business trends and insights.,#Business #Entrepreneurship #Startups #Marketing,Business,2304,221,107,Neutral
POST_079,2026-07-19,15:00:00,DataWithAarav,This is a fantastic achievement. Really happy with the progress! Exploring ai trends and insights.,#GenerativeAI #MachineLearning,AI,2618,320,779,Positive
POST_086,2026-07-19,20:50:00,DataWithAarav,Testing a new approach and documenting the results. Exploring data science trends and insights.,#DataScience #BigData #Python #Analytics,Data Science,719,202,294,Neutral
POST_085,2026-07-19,23:10:00,DataWithAarav,This update was disappointing and the results need improvement. Exploring data science trends and insights.,#BigData #DataScience #Analytics,Data Science,835,62,140,Negative
POST_100,2026-07-20,10:10:00,CloudCoder,Absolutely loved this update! The results are amazing and exciting. Exploring entertainment trends and insights.,#Trending #Music #Movies #Entertainment,Entertainment,653,228,488,Positive
POST_132,2026-07-20,10:10:00,CloudCoder,Sharing today's update and the latest observations from the project. Exploring ai trends and insights.,#ArtificialIntelligence #MachineLearning #GenerativeAI,AI,2840,182,744,Neutral
POST_246,2026-07-20,13:10:00,ShreyaAI,This is a fantastic achievement. Really happy with the progress! Exploring data science trends and insights.,#Python #DataScience #Analytics #BigData,Data Science,131,106,71,Positive
POST_032,2026-07-20,14:50:00,PythonDev,Testing a new approach and documenting the results. Exploring data science trends and insights.,#Analytics #Python #BigData,Data Science,1760,30,249,Neutral
POST_004,2026-07-20,22:50:00,PythonDev,Sharing today's update and the latest observations from the project. Exploring technology trends and insights.,#Technology #Coding #Innovation #TechNews,Technology,1468,298,294,Neutral
POST_037,2026-07-21,09:40:00,DataNinja,A new feature has been released for users to explore. Exploring business trends and insights.,#Entrepreneurship #Marketing #Business,Business,1122,294,364,Neutral
POST_150,2026-07-21,14:10:00,AIInsights,Not happy with the current results. More work is required. Exploring lifestyle trends and insights.,#DailyLife #Productivity #Motivation #Lifestyle,Lifestyle,139,267,99,Negative
POST_121,2026-07-21,16:30:00,MLExplorer,Absolutely loved this update! The results are amazing and exciting. Exploring ai trends and insights.,#MachineLearning #GenerativeAI #ArtificialIntelligence #AI,AI,3222,89,213,Positive
POST_063,2026-07-22,11:30:00,AIInsights,This is a fantastic achievement. Really happy with the progress! Exploring lifestyle trends and insights.,#Lifestyle #Motivation #Productivity #DailyLife,Lifestyle,1864,267,114,Positive
POST_010,2026-07-22,12:30:00,TechNeha,The experience has been poor so far and several problems remain. Exploring education trends and insights.,#Learning #CareerGrowth #Education,Education,174,342,251,Negative
POST_196,2026-07-22,13:00:00,CloudCoder,So excited to share this wonderful milestone with everyone! Exploring lifestyle trends and insights.,#Motivation #Productivity #Lifestyle,Lifestyle,2308,315,86,Positive
POST_064,2026-07-22,13:30:00,CodeWithRiya,So excited to share this wonderful milestone with everyone! Exploring business trends and insights.,#Marketing #Entrepreneurship #Business,Business,2268,6,300,Positive
POST_128,2026-07-22,13:50:00,AnalyticsGuru,Facing some frustrating issues with the latest release. Exploring data science trends and insights.,#Analytics #BigData,Data Science,499,134,62,Negative
POST_175,2026-07-22,17:10:00,ShreyaAI,So excited to share this wonderful milestone with everyone! Exploring education trends and insights.,#Learning #CareerGrowth #Python,Education,791,247,7,Positive
POST_144,2026-07-22,17:20:00,ShreyaAI,Facing some frustrating issues with the latest release. Exploring data science trends and insights.,#Python #DataScience #BigData #Analytics,Data Science,122,109,54,Negative
POST_046,2026-07-22,20:40:00,DataWithAarav,So excited to share this wonderful milestone with everyone! Exploring entertainment trends and insights.,#Entertainment #Trending #Movies #Music,Entertainment,588,99,292,Positive
POST_034,2026-07-22,21:10:00,CloudCoder,Absolutely loved this update! The results are amazing and exciting. Exploring education trends and insights.,#CareerGrowth #Python,Education,2089,23,437,Positive
POST_052,2026-07-22,22:00:00,ShreyaAI,Sharing today's update and the latest observations from the project. Exploring data science trends and insights.,#Python #Analytics,Data Science,2145,210,8,Neutral
POST_082,2026-07-22,22:20:00,PythonDev,A new feature has been released for users to explore. Exploring ai trends and insights.,#ArtificialIntelligence #AI #GenerativeAI,AI,2915,217,726,Neutral
POST_120,2026-07-22,23:10:00,TrendTracker,Here are some useful insights from the data analysis. Exploring ai trends and insights.,#GenerativeAI #ArtificialIntelligence #AI,AI,615,190,420,Neutral
POST_003,2026-07-23,12:40:00,DataNinja,This update was disappointing and the results need improvement. Exploring entertainment trends and insights.,#Movies #Music #Entertainment #Trending,Entertainment,1287,24,397,Negative
POST_014,2026-07-23,14:00:00,AnalyticsGuru,This is a fantastic achievement. Really happy with the progress! Exploring data science trends and insights.,#Python #Analytics #BigData #DataScience,Data Science,831,87,4,Positive
POST_183,2026-07-23,14:30:00,DataWithAarav,So excited to share this wonderful milestone with everyone! Exploring entertainment trends and insights.,#Trending #Music #Entertainment #Movies,Entertainment,920,193,359,Positive
POST_157,2026-07-23,18:30:00,DataNinja,Sharing today's update and the latest observations from the project. Exploring technology trends and insights.,#Coding #Innovation #TechNews #Technology,Technology,1942,118,191,Neutral
POST_134,2026-07-23,19:20:00,DataWithAarav,Great insights and an excellent learning experience today. Exploring data science trends and insights.,#DataScience #Analytics #Python #BigData,Data Science,887,302,132,Positive
POST_019,2026-07-23,21:20:00,CodeWithRiya,Great insights and an excellent learning experience today. Exploring technology trends and insights.,#Technology #Innovation,Technology,218,34,228,Positive
POST_198,2026-07-23,22:10:00,TechNeha,This update was disappointing and the results need improvement. Exploring technology trends and insights.,#Technology #Coding #Innovation,Technology,1787,327,489,Negative
POST_149,2026-07-24,08:30:00,TechNeha,Great insights and an excellent learning experience today. Exploring technology trends and insights.,#TechNews #Innovation #Coding #Technology,Technology,1951,50,480,Positive
POST_221,2026-07-24,13:20:00,CloudCoder,Absolutely loved this update! The results are amazing and exciting. Exploring ai trends and insights.,#GenerativeAI #AI #ArtificialIntelligence #MachineLearning,AI,1579,192,537,Positive
POST_162,2026-07-24,14:20:00,AnalyticsGuru,Sharing today's update and the latest observations from the project. Exploring data science trends and insights.,#DataScience #BigData,Data Science,2434,157,58,Neutral
POST_051,2026-07-24,17:20:00,TechNeha,Testing a new approach and documenting the results. Exploring technology trends and insights.,#TechNews #Innovation #Coding,Technology,447,340,406,Neutral
POST_093,2026-07-24,19:10:00,TrendTracker,A new feature has been released for users to explore. Exploring technology trends and insights.,#Technology #TechNews #Innovation,Technology,1842,99,325,Neutral
POST_060,2026-07-24,21:30:00,TrendTracker,So excited to share this wonderful milestone with everyone! Exploring technology trends and insights.,#Innovation #TechNews #Technology #Coding,Technology,604,154,3,Positive
POST_005,2026-07-24,22:30:00,CodeWithRiya,So excited to share this wonderful milestone with everyone! Exploring ai trends and insights.,#ArtificialIntelligence #GenerativeAI #AI,AI,2975,36,401,Positive
POST_007,2026-07-24,22:30:00,ShreyaAI,Absolutely loved this update! The results are amazing and exciting. Exploring ai trends and insights.,#AI #ArtificialIntelligence,AI,3709,288,388,Positive
POST_153,2026-07-25,08:10:00,CloudCoder,Not happy with the current results. More work is required. Exploring technology trends and insights.,#Technology #Innovation #TechNews #Coding,Technology,363,274,46,Negative
POST_101,2026-07-25,09:50:00,DataWithAarav,Absolutely loved this update! The results are amazing and exciting. Exploring technology trends and insights.,#TechNews #Coding #Technology #Innovation,Technology,1926,187,222,Positive
POST_116,2026-07-25,10:30:00,ShreyaAI,Here are some useful insights from the data analysis. Exploring business trends and insights.,#Marketing #Startups #Entrepreneurship,Business,991,21,289,Neutral
POST_185,2026-07-25,11:30:00,PythonDev,So excited to share this wonderful milestone with everyone! Exploring technology trends and insights.,#Coding #Innovation #TechNews #Technology,Technology,1158,232,495,Positive
POST_107,2026-07-25,14:40:00,TrendTracker,This is a fantastic achievement. Really happy with the progress! Exploring data science trends and insights.,#DataScience #BigData,Data Science,251,335,448,Positive
POST_241,2026-07-25,15:10:00,PythonDev,Not happy with the current results. More work is required. Exploring education trends and insights.,#Python #Learning #CareerGrowth,Education,420,255,77,Negative
POST_073,2026-07-25,15:50:00,ShreyaAI,Absolutely loved this update! The results are amazing and exciting. Exploring entertainment trends and insights.,#Entertainment #Music,Entertainment,1259,79,331,Positive
POST_090,2026-07-25,16:30:00,TechNeha,So excited to share this wonderful milestone with everyone! Exploring technology trends and insights.,#TechNews #Coding #Innovation,Technology,1056,235,214,Positive
POST_210,2026-07-25,18:10:00,MLExplorer,Sharing today's update and the latest observations from the project. Exploring data science trends and insights.,#Analytics #BigData #DataScience,Data Science,1355,177,39,Neutral
POST_083,2026-07-25,18:30:00,PythonDev,This is a fantastic achievement. Really happy with the progress! Exploring ai trends and insights.,#MachineLearning #ArtificialIntelligence #AI #GenerativeAI,AI,950,332,432,Positive
POST_189,2026-07-25,19:20:00,ShreyaAI,Not happy with the current results. More work is required. Exploring entertainment trends and insights.,#Movies #Music,Entertainment,2334,296,214,Negative
POST_026,2026-07-25,21:30:00,DevVibes,Facing some frustrating issues with the latest release. Exploring business trends and insights.,#Business #Marketing,Business,1810,101,395,Negative
POST_200,2026-07-25,22:10:00,PythonDev,Great insights and an excellent learning experience today. Exploring entertainment trends and insights.,#Entertainment #Trending #Music,Entertainment,1392,91,325,Positive
POST_176,2026-07-25,22:20:00,CodeWithRiya,This is a fantastic achievement. Really happy with the progress! Exploring business trends and insights.,#Entrepreneurship #Business #Startups,Business,474,279,276,Positive
POST_222,2026-07-25,22:40:00,MLExplorer,Not happy with the current results. More work is required. Exploring ai trends and insights.,#AI #GenerativeAI #MachineLearning,AI,1560,8,829,Negative
POST_244,2026-07-26,11:50:00,ShreyaAI,Facing some frustrating issues with the latest release. Exploring technology trends and insights.,#Coding #Technology,Technology,2023,40,215,Negative
POST_207,2026-07-26,13:30:00,CloudCoder,Testing a new approach and documenting the results. Exploring business trends and insights.,#Startups #Entrepreneurship #Business #Marketing,Business,2151,219,250,Neutral
POST_008,2026-07-26,14:20:00,AnalyticsGuru,Absolutely loved this update! The results are amazing and exciting. Exploring lifestyle trends and insights.,#Lifestyle #Motivation,Lifestyle,1936,6,92,Positive
POST_167,2026-07-26,14:40:00,DataNinja,This update was disappointing and the results need improvement. Exploring technology trends and insights.,#Coding #TechNews #Innovation,Technology,1564,41,240,Negative
POST_105,2026-07-26,15:40:00,AnalyticsGuru,This update was disappointing and the results need improvement. Exploring entertainment trends and insights.,#Entertainment #Trending,Entertainment,1301,229,324,Negative
POST_089,2026-07-26,18:10:00,PythonDev,So excited to share this wonderful milestone with everyone! Exploring lifestyle trends and insights.,#DailyLife #Lifestyle,Lifestyle,1709,152,189,Positive
POST_179,2026-07-26,18:30:00,TechNeha,So excited to share this wonderful milestone with everyone! Exploring ai trends and insights.,#AI #GenerativeAI #ArtificialIntelligence,AI,2481,199,183,Positive
POST_139,2026-07-26,23:50:00,PythonDev,So excited to share this wonderful milestone with everyone! Exploring entertainment trends and insights.,#Trending #Music #Movies,Entertainment,969,196,243,Positive
POST_229,2026-07-27,08:10:00,ShreyaAI,Testing a new approach and documenting the results. Exploring ai trends and insights.,#AI #GenerativeAI #MachineLearning,AI,1742,251,533,Neutral
POST_191,2026-07-27,08:50:00,AIInsights,Facing some frustrating issues with the latest release. Exploring data science trends and insights.,#DataScience #Analytics #Python,Data Science,1205,338,54,Negative
POST_225,2026-07-27,10:20:00,DevVibes,Testing a new approach and documenting the results. Exploring technology trends and insights.,#Technology #TechNews #Innovation,Technology,1811,305,64,Neutral
POST_152,2026-07-27,11:00:00,DevVibes,Absolutely loved this update! The results are amazing and exciting. Exploring lifestyle trends and insights.,#Productivity #Motivation,Lifestyle,719,111,207,Positive
POST_111,2026-07-27,12:00:00,CloudCoder,Here are some useful insights from the data analysis. Exploring lifestyle trends and insights.,#Motivation #Lifestyle #DailyLife,Lifestyle,567,119,312,Neutral
POST_154,2026-07-27,18:50:00,AIInsights,So excited to share this wonderful milestone with everyone! Exploring lifestyle trends and insights.,#Motivation #Productivity,Lifestyle,1477,43,98,Positive
POST_211,2026-07-27,18:50:00,CloudCoder,Here are some useful insights from the data analysis. Exploring data science trends and insights.,#DataScience #BigData,Data Science,1009,68,102,Neutral
POST_188,2026-07-28,12:10:00,MLExplorer,Great insights and an excellent learning experience today. Exploring technology trends and insights.,#Coding #Technology #Innovation #TechNews,Technology,471,87,147,Positive
POST_219,2026-07-28,12:30:00,TrendTracker,This is a fantastic achievement. Really happy with the progress! Exploring ai trends and insights.,#ArtificialIntelligence #MachineLearning #GenerativeAI,AI,1358,146,754,Positive
POST_201,2026-07-28,17:40:00,DataNinja,This update was disappointing and the results need improvement. Exploring technology trends and insights.,#Innovation #TechNews #Technology #Coding,Technology,604,41,449,Negative
POST_136,2026-07-28,18:30:00,AIInsights,This is a fantastic achievement. Really happy with the progress! Exploring lifestyle trends and insights.,#Productivity #Motivation,Lifestyle,67,6,87,Positive
POST_205,2026-07-28,18:30:00,CodeWithRiya,Not happy with the current results. More work is required. Exploring ai trends and insights.,#MachineLearning #AI #ArtificialIntelligence #GenerativeAI,AI,1561,77,812,Negative
POST_208,2026-07-28,18:50:00,MLExplorer,So excited to share this wonderful milestone with everyone! Exploring technology trends and insights.,#Innovation #TechNews #Technology #Coding,Technology,127,78,22,Positive
POST_040,2026-07-28,19:30:00,TrendTracker,Not happy with the current results. More work is required. Exploring data science trends and insights.,#DataScience #BigData #Analytics,Data Science,1264,332,385,Negative
POST_102,2026-07-28,20:40:00,AIInsights,The experience has been poor so far and several problems remain. Exploring technology trends and insights.,#Coding #Technology,Technology,1367,305,143,Negative
POST_161,2026-07-28,21:10:00,TrendTracker,So excited to share this wonderful milestone with everyone! Exploring education trends and insights.,#Education #CareerGrowth #Python,Education,147,338,214,Positive
POST_097,2026-07-28,22:10:00,ShreyaAI,This is a fantastic achievement. Really happy with the progress! Exploring ai trends and insights.,#MachineLearning #ArtificialIntelligence #GenerativeAI #AI,AI,1436,219,671,Positive
POST_042,2026-07-28,22:30:00,ShreyaAI,Here are some useful insights from the data analysis. Exploring ai trends and insights.,#ArtificialIntelligence #AI,AI,4078,294,662,Neutral
POST_127,2026-07-29,08:00:00,AIInsights,Sharing today's update and the latest observations from the project. Exploring ai trends and insights.,#ArtificialIntelligence #MachineLearning,AI,1437,30,599,Neutral
POST_131,2026-07-29,14:30:00,CodeWithRiya,Here are some useful insights from the data analysis. Exploring technology trends and insights.,#Innovation #Coding #Technology,Technology,1504,44,205,Neutral
POST_217,2026-07-29,21:10:00,DataNinja,Not happy with the current results. More work is required. Exploring business trends and insights.,#Startups #Marketing #Business #Entrepreneurship,Business,323,275,103,Negative
POST_071,2026-07-29,23:10:00,DevVibes,Not happy with the current results. More work is required. Exploring data science trends and insights.,#BigData #Analytics #Python #DataScience,Data Science,1689,163,388,Negative
POST_124,2026-07-29,23:10:00,TrendTracker,Testing a new approach and documenting the results. Exploring data science trends and insights.,#Analytics #Python,Data Science,723,17,250,Neutral
POST_143,2026-07-30,14:20:00,AIInsights,This is a fantastic achievement. Really happy with the progress! Exploring technology trends and insights.,#TechNews #Technology #Innovation,Technology,1567,14,62,Positive
POST_103,2026-07-30,15:10:00,MLExplorer,Testing a new approach and documenting the results. Exploring ai trends and insights.,#GenerativeAI #AI #ArtificialIntelligence #MachineLearning,AI,1076,304,192,Neutral
POST_145,2026-07-30,15:40:00,AIInsights,So excited to share this wonderful milestone with everyone! Exploring data science trends and insights.,#Analytics #BigData #DataScience #Python,Data Science,1509,187,99,Positive
POST_088,2026-07-30,22:00:00,DevVibes,So excited to share this wonderful milestone with everyone! Exploring technology trends and insights.,#TechNews #Innovation #Coding,Technology,2074,240,85,Positive
POST_182,2026-07-30,22:20:00,AIInsights,Great insights and an excellent learning experience today. Exploring ai trends and insights.,#ArtificialIntelligence #MachineLearning #GenerativeAI,AI,2744,196,525,Positive
POST_015,2026-07-31,14:50:00,TechNeha,Absolutely loved this update! The results are amazing and exciting. Exploring ai trends and insights.,#GenerativeAI #ArtificialIntelligence #AI,AI,749,303,764,Positive
POST_195,2026-07-31,16:40:00,ShreyaAI,Facing some frustrating issues with the latest release. Exploring technology trends and insights.,#Innovation #TechNews #Coding,Technology,958,318,137,Negative
POST_048,2026-07-31,22:10:00,CloudCoder,Facing some frustrating issues with the latest release. Exploring education trends and insights.,#Python #Learning #Education #CareerGrowth,Education,2466,129,488,Negative
POST_125,2026-07-31,22:30:00,TechNeha,Here are some useful insights from the data analysis. Exploring technology trends and insights.,#Coding #TechNews #Technology #Innovation,Technology,1131,54,308,Neutral
POST_197,2026-07-31,23:20:00,CodeWithRiya,Absolutely loved this update! The results are amazing and exciting. Exploring lifestyle trends and insights.,#Motivation #DailyLife #Lifestyle #Productivity,Lifestyle,2200,198,136,Positive
POST_021,2026-08-01,09:10:00,DataNinja,Facing some frustrating issues with the latest release. Exploring education trends and insights.,#Learning #CareerGrowth #Python,Education,2261,177,350,Negative
POST_165,2026-08-01,09:50:00,AnalyticsGuru,A new feature has been released for users to explore. Exploring data science trends and insights.,#Analytics #BigData #Python,Data Science,2199,274,47,Neutral
POST_006,2026-08-01,10:20:00,CloudCoder,Sharing today's update and the latest observations from the project. Exploring ai trends and insights.,#GenerativeAI #ArtificialIntelligence,AI,1286,135,407,Neutral
POST_084,2026-08-01,10:50:00,TrendTracker,Here are some useful insights from the data analysis. Exploring technology trends and insights.,#Coding #Technology,Technology,69,130,384,Neutral
POST_242,2026-08-01,12:40:00,DevVibes,Facing some frustrating issues with the latest release. Exploring entertainment trends and insights.,#Trending #Entertainment #Movies,Entertainment,149,224,80,Negative
POST_062,2026-08-01,15:40:00,MLExplorer,This update was disappointing and the results need improvement. Exploring business trends and insights.,#Business #Marketing,Business,1068,275,376,Negative
POST_135,2026-08-01,16:30:00,DataNinja,This is a fantastic achievement. Really happy with the progress! Exploring data science trends and insights.,#Python #Analytics #BigData,Data Science,1459,246,35,Positive
POST_142,2026-08-01,17:00:00,CodeWithRiya,So excited to share this wonderful milestone with everyone! Exploring lifestyle trends and insights.,#Productivity #DailyLife,Lifestyle,1373,278,410,Positive
POST_011,2026-08-01,22:10:00,DevVibes,Sharing today's update and the latest observations from the project. Exploring business trends and insights.,#Entrepreneurship #Marketing #Business,Business,665,175,291,Neutral
POST_036,2026-08-01,22:50:00,ShreyaAI,So excited to share this wonderful milestone with everyone! Exploring data science trends and insights.,#Python #BigData #DataScience,Data Science,1069,247,438,Positive
POST_035,2026-08-01,23:50:00,MLExplorer,Testing a new approach and documenting the results. Exploring lifestyle trends and insights.,#DailyLife #Lifestyle,Lifestyle,1085,98,86,Neutral
POST_070,2026-08-02,09:30:00,CodeWithRiya,This is a fantastic achievement. Really happy with the progress! Exploring business trends and insights.,#Entrepreneurship #Startups,Business,1954,263,229,Positive
POST_186,2026-08-02,10:30:00,ShreyaAI,So excited to share this wonderful milestone with everyone! Exploring data science trends and insights.,#BigData #DataScience #Python #Analytics,Data Science,2263,33,18,Positive
POST_054,2026-08-02,10:50:00,DevVibes,Facing some frustrating issues with the latest release. Exploring technology trends and insights.,#Technology #TechNews #Innovation,Technology,2298,152,438,Negative
POST_235,2026-08-02,11:00:00,CodeWithRiya,This is a fantastic achievement. Really happy with the progress! Exploring business trends and insights.,#Marketing #Business #Startups #Entrepreneurship,Business,1081,52,264,Positive
POST_053,2026-08-02,12:30:00,DataNinja,This is a fantastic achievement. Really happy with the progress! Exploring education trends and insights.,#Education #Python #Learning,Education,723,95,49,Positive
POST_033,2026-08-02,14:00:00,AIInsights,Not happy with the current results. More work is required. Exploring ai trends and insights.,#ArtificialIntelligence #MachineLearning #AI #GenerativeAI,AI,3001,239,546,Negative
POST_056,2026-08-02,14:40:00,DataNinja,Sharing today's update and the latest observations from the project. Exploring education trends and insights.,#CareerGrowth #Python #Learning #Education,Education,897,157,218,Neutral
POST_148,2026-08-02,15:00:00,CodeWithRiya,This update was disappointing and the results need improvement. Exploring data science trends and insights.,#DataScience #BigData #Analytics #Python,Data Science,434,181,85,Negative
POST_180,2026-08-02,18:30:00,AIInsights,Absolutely loved this update! The results are amazing and exciting. Exploring ai trends and insights.,#ArtificialIntelligence #MachineLearning,AI,1293,174,152,Positive
POST_108,2026-08-02,19:10:00,DevVibes,A new feature has been released for users to explore. Exploring data science trends and insights.,#DataScience #Analytics,Data Science,1072,245,80,Neutral
POST_218,2026-08-02,20:10:00,DevVibes,Great insights and an excellent learning experience today. Exploring technology trends and insights.,#Technology #Coding,Technology,2262,98,486,Positive
POST_058,2026-08-02,21:10:00,AIInsights,This is a fantastic achievement. Really happy with the progress! Exploring education trends and insights.,#CareerGrowth #Python #Learning #Education,Education,1105,131,180,Positive
POST_203,2026-08-02,22:20:00,DataWithAarav,Not happy with the current results. More work is required. Exploring ai trends and insights.,#MachineLearning #ArtificialIntelligence,AI,1900,248,586,Negative
POST_172,2026-08-03,09:10:00,TechNeha,So excited to share this wonderful milestone with everyone! Exploring technology trends and insights.,#Coding #Technology,Technology,1013,52,304,Positive
POST_031,2026-08-03,12:10:00,DataWithAarav,Not happy with the current results. More work is required. Exploring data science trends and insights.,#Analytics #DataScience #Python,Data Science,1844,256,98,Negative
POST_009,2026-08-03,14:10:00,DataWithAarav,The experience has been poor so far and several problems remain. Exploring data science trends and insights.,#BigData #Analytics #DataScience #Python,Data Science,223,98,32,Negative
POST_204,2026-08-03,14:50:00,DevVibes,Great insights and an excellent learning experience today. Exploring data science trends and insights.,#Python #Analytics #DataScience,Data Science,624,184,10,Positive
POST_110,2026-08-03,15:00:00,DataWithAarav,So excited to share this wonderful milestone with everyone! Exploring technology trends and insights.,#Coding #Technology #TechNews #Innovation,Technology,1923,224,319,Positive
POST_043,2026-08-03,15:20:00,DataWithAarav,This is a fantastic achievement. Really happy with the progress! Exploring business trends and insights.,#Startups #Business #Marketing #Entrepreneurship,Business,1096,78,39,Positive
POST_018,2026-08-03,15:40:00,PythonDev,So excited to share this wonderful milestone with everyone! Exploring lifestyle trends and insights.,#Productivity #Lifestyle #DailyLife #Motivation,Lifestyle,1259,333,84,Positive
POST_126,2026-08-03,16:30:00,MLExplorer,Testing a new approach and documenting the results. Exploring business trends and insights.,#Business #Marketing #Startups #Entrepreneurship,Business,1888,79,88,Neutral
POST_115,2026-08-03,21:40:00,DataWithAarav,So excited to share this wonderful milestone with everyone! Exploring education trends and insights.,#CareerGrowth #Python,Education,1660,8,163,Positive
POST_095,2026-08-03,22:10:00,PythonDev,This is a fantastic achievement. Really happy with the progress! Exploring entertainment trends and insights.,#Entertainment #Music,Entertainment,190,260,325,Positive
POST_237,2026-08-03,23:00:00,DataNinja,Absolutely loved this update! The results are amazing and exciting. Exploring ai trends and insights.,#MachineLearning #GenerativeAI,AI,1521,43,289,Positive
POST_038,2026-08-03,23:20:00,CodeWithRiya,This update was disappointing and the results need improvement. Exploring ai trends and insights.,#AI #ArtificialIntelligence #GenerativeAI,AI,2885,86,109,Negative
POST_129,2026-08-04,10:50:00,DevVibes,This is a fantastic achievement. Really happy with the progress! Exploring education trends and insights.,#CareerGrowth #Learning,Education,2180,206,3,Positive
POST_130,2026-08-04,11:30:00,CodeWithRiya,Absolutely loved this update! The results are amazing and exciting. Exploring business trends and insights.,#Entrepreneurship #Marketing,Business,131,137,63,Positive
POST_192,2026-08-04,14:10:00,AIInsights,So excited to share this wonderful milestone with everyone! Exploring education trends and insights.,#CareerGrowth #Python #Education #Learning,Education,822,289,119,Positive
POST_091,2026-08-04,16:30:00,TechNeha,Not happy with the current results. More work is required. Exploring entertainment trends and insights.,#Movies #Music #Entertainment #Trending,Entertainment,2241,161,426,Negative
POST_094,2026-08-04,17:50:00,DataNinja,This is a fantastic achievement. Really happy with the progress! Exploring technology trends and insights.,#Innovation #Technology,Technology,2470,219,322,Positive
POST_001,2026-08-04,23:50:00,TechNeha,This is a fantastic achievement. Really happy with the progress! Exploring ai trends and insights.,#ArtificialIntelligence #AI #MachineLearning,AI,3322,175,385,Positive
POST_247,2026-08-05,09:30:00,PythonDev,Not happy with the current results. More work is required. Exploring business trends and insights.,#Entrepreneurship #Marketing,Business,176,221,134,Negative
POST_169,2026-08-05,10:30:00,MLExplorer,So excited to share this wonderful milestone with everyone! Exploring business trends and insights.,#Business #Startups #Marketing #Entrepreneurship,Business,2324,301,138,Positive
POST_112,2026-08-05,11:30:00,DataWithAarav,Absolutely loved this update! The results are amazing and exciting. Exploring business trends and insights.,#Entrepreneurship #Marketing #Startups,Business,1039,346,210,Positive
POST_226,2026-08-05,12:20:00,DataWithAarav,Great insights and an excellent learning experience today. Exploring data science trends and insights.,#Analytics #DataScience #Python,Data Science,1745,36,187,Positive
POST_171,2026-08-05,15:10:00,DataWithAarav,This is a fantastic achievement. Really happy with the progress! Exploring ai trends and insights.,#GenerativeAI #ArtificialIntelligence #MachineLearning #AI,AI,1075,151,378,Positive
POST_114,2026-08-05,19:10:00,AIInsights,Great insights and an excellent learning experience today. Exploring technology trends and insights.,#Innovation #Technology,Technology,1964,49,30,Positive
POST_240,2026-08-05,21:00:00,PythonDev,This is a fantastic achievement. Really happy with the progress! Exploring technology trends and insights.,#Coding #TechNews #Technology,Technology,2305,284,59,Positive
POST_119,2026-08-06,08:50:00,CodeWithRiya,Testing a new approach and documenting the results. Exploring data science trends and insights.,#BigData #Analytics #DataScience #Python,Data Science,1272,252,334,Neutral
POST_024,2026-08-06,11:30:00,MLExplorer,Here are some useful insights from the data analysis. Exploring education trends and insights.,#CareerGrowth #Education #Python,Education,869,307,170,Neutral
POST_236,2026-08-06,12:30:00,TrendTracker,So excited to share this wonderful milestone with everyone! Exploring education trends and insights.,#Learning #Education #Python,Education,996,298,6,Positive
POST_243,2026-08-06,13:20:00,AIInsights,This is a fantastic achievement. Really happy with the progress! Exploring ai trends and insights.,#MachineLearning #GenerativeAI #ArtificialIntelligence #AI,AI,3142,176,320,Positive
POST_047,2026-08-06,13:50:00,AIInsights,Facing some frustrating issues with the latest release. Exploring lifestyle trends and insights.,#Motivation #Lifestyle #Productivity,Lifestyle,310,275,497,Negative
POST_066,2026-08-07,10:00:00,TechNeha,This is a fantastic achievement. Really happy with the progress! Exploring ai trends and insights.,#MachineLearning #AI,AI,2266,154,497,Positive
POST_193,2026-08-07,10:10:00,DataNinja,Absolutely loved this update! The results are amazing and exciting. Exploring technology trends and insights.,#Innovation #TechNews #Technology #Coding,Technology,1856,8,36,Positive
POST_168,2026-08-07,12:30:00,TechNeha,Absolutely loved this update! The results are amazing and exciting. Exploring technology trends and insights.,#Innovation #Coding #Technology,Technology,1469,325,172,Positive
POST_044,2026-08-07,13:40:00,ShreyaAI,A new feature has been released for users to explore. Exploring ai trends and insights.,#AI #ArtificialIntelligence #GenerativeAI #MachineLearning,AI,799,281,551,Neutral
POST_057,2026-08-07,14:30:00,DevVibes,Testing a new approach and documenting the results. Exploring entertainment trends and insights.,#Trending #Music,Entertainment,1351,68,467,Neutral
POST_177,2026-08-07,14:30:00,DataNinja,Great insights and an excellent learning experience today. Exploring education trends and insights.,#CareerGrowth #Python #Learning #Education,Education,1723,141,32,Positive
POST_049,2026-08-07,15:30:00,AnalyticsGuru,Testing a new approach and documenting the results. Exploring technology trends and insights.,#Technology #TechNews,Technology,1073,225,81,Neutral
POST_164,2026-08-07,17:00:00,DataNinja,This is a fantastic achievement. Really happy with the progress! Exploring entertainment trends and insights.,#Movies #Music #Trending #Entertainment,Entertainment,1337,171,368,Positive
POST_039,2026-08-07,18:30:00,DataWithAarav,This is a fantastic achievement. Really happy with the progress! Exploring business trends and insights.,#Marketing #Business,Business,1779,21,392,Positive
POST_199,2026-08-07,18:30:00,AIInsights,A new feature has been released for users to explore. Exploring data science trends and insights.,#DataScience #Analytics,Data Science,691,64,275,Neutral
POST_232,2026-08-07,19:20:00,AIInsights,Testing a new approach and documenting the results. Exploring data science trends and insights.,#Analytics #DataScience #BigData #Python,Data Science,1827,116,143,Neutral
POST_104,2026-08-07,20:30:00,PythonDev,So excited to share this wonderful milestone with everyone! Exploring data science trends and insights.,#Python #BigData #DataScience #Analytics,Data Science,309,311,141,Positive
POST_187,2026-08-07,20:40:00,AIInsights,Sharing today's update and the latest observations from the project. Exploring technology trends and insights.,#Technology #Coding #Innovation #TechNews,Technology,1415,271,286,Neutral
POST_224,2026-08-07,21:00:00,CodeWithRiya,Sharing today's update and the latest observations from the project. Exploring education trends and insights.,#Learning #Python #CareerGrowth #Education,Education,298,347,318,Neutral
POST_184,2026-08-07,22:30:00,AnalyticsGuru,A new feature has been released for users to explore. Exploring technology trends and insights.,#Technology #TechNews,Technology,1191,297,453,Neutral
POST_158,2026-08-07,23:20:00,CodeWithRiya,Here are some useful insights from the data analysis. Exploring ai trends and insights.,#MachineLearning #AI,AI,3311,169,475,Neutral
POST_067,2026-08-08,11:00:00,AnalyticsGuru,Facing some frustrating issues with the latest release. Exploring lifestyle trends and insights.,#DailyLife #Motivation #Lifestyle,Lifestyle,376,175,432,Negative
POST_065,2026-08-08,14:20:00,CodeWithRiya,Absolutely loved this update! The results are amazing and exciting. Exploring business trends and insights.,#Entrepreneurship #Business #Marketing #Startups,Business,917,161,46,Positive
POST_233,2026-08-08,17:20:00,TrendTracker,This update was disappointing and the results need improvement. Exploring data science trends and insights.,#Python #BigData,Data Science,913,99,102,Negative
POST_025,2026-08-08,21:40:00,DataNinja,Testing a new approach and documenting the results. Exploring data science trends and insights.,#DataScience #Analytics,Data Science,1831,205,435,Neutral
POST_227,2026-08-08,21:50:00,MLExplorer,Absolutely loved this update! The results are amazing and exciting. Exploring education trends and insights.,#Education #Python,Education,592,197,62,Positive
POST_215,2026-08-09,10:00:00,AIInsights,Absolutely loved this update! The results are amazing and exciting. Exploring ai trends and insights.,#ArtificialIntelligence #GenerativeAI #AI #MachineLearning,AI,2124,188,668,Positive
POST_248,2026-08-09,10:20:00,AIInsights,This is a fantastic achievement. Really happy with the progress! Exploring entertainment trends and insights.,#Trending #Music #Entertainment,Entertainment,1118,202,478,Positive
POST_098,2026-08-09,10:50:00,TechNeha,Testing a new approach and documenting the results. Exploring ai trends and insights.,#GenerativeAI #MachineLearning #AI #ArtificialIntelligence,AI,1568,285,210,Neutral
POST_163,2026-08-09,12:00:00,MLExplorer,A new feature has been released for users to explore. Exploring ai trends and insights.,#MachineLearning #ArtificialIntelligence #AI,AI,2550,86,311,Neutral
POST_099,2026-08-09,12:30:00,AIInsights,Great insights and an excellent learning experience today. Exploring technology trends and insights.,#Coding #Innovation #Technology #TechNews,Technology,1183,242,286,Positive
POST_096,2026-08-09,13:40:00,PythonDev,This is a fantastic achievement. Really happy with the progress! Exploring ai trends and insights.,#AI #GenerativeAI,AI,2429,266,506,Positive
POST_113,2026-08-09,13:40:00,DataWithAarav,Not happy with the current results. More work is required. Exploring lifestyle trends and insights.,#DailyLife #Motivation #Lifestyle #Productivity,Lifestyle,292,212,480,Negative
POST_109,2026-08-09,20:00:00,PythonDev,Sharing today's update and the latest observations from the project. Exploring technology trends and insights.,#TechNews #Coding #Innovation,Technology,2096,139,356,Neutral
POST_181,2026-08-09,20:00:00,DataWithAarav,So excited to share this wonderful milestone with everyone! Exploring ai trends and insights.,#GenerativeAI #ArtificialIntelligence,AI,312,155,142,Positive
POST_138,2026-08-10,10:50:00,MLExplorer,The experience has been poor so far and several problems remain. Exploring data science trends and insights.,#BigData #Python,Data Science,523,26,129,Negative
POST_050,2026-08-10,12:00:00,CloudCoder,This is a fantastic achievement. Really happy with the progress! Exploring technology trends and insights.,#Innovation #Technology #Coding #TechNews,Technology,836,156,495,Positive
POST_194,2026-08-10,15:50:00,TrendTracker,Great insights and an excellent learning experience today. Exploring business trends and insights.,#Business #Startups,Business,1512,115,51,Positive
POST_146,2026-08-10,16:50:00,TrendTracker,So excited to share this wonderful milestone with everyone! Exploring entertainment trends and insights.,#Entertainment #Music #Movies,Entertainment,2261,160,407,Positive
POST_214,2026-08-10,17:20:00,MLExplorer,Great insights and an excellent learning experience today. Exploring data science trends and insights.,#DataScience #Analytics,Data Science,863,104,13,Positive
POST_017,2026-08-10,18:40:00,AIInsights,This is a fantastic achievement. Really happy with the progress! Exploring entertainment trends and insights.,#Trending #Movies,Entertainment,2025,159,408,Positive
POST_078,2026-08-10,19:20:00,TechNeha,This is a fantastic achievement. Really happy with the progress! Exploring ai trends and insights.,#AI #ArtificialIntelligence #MachineLearning,AI,3054,76,503,Positive
POST_122,2026-08-10,19:40:00,ShreyaAI,Sharing today's update and the latest observations from the project. Exploring ai trends and insights.,#AI #ArtificialIntelligence #GenerativeAI,AI,2194,189,583,Neutral
POST_061,2026-08-10,23:30:00,TrendTracker,This update was disappointing and the results need improvement. Exploring technology trends and insights.,#Coding #Technology,Technology,2332,238,110,Negative
POST_016,2026-08-10,23:40:00,CloudCoder,Testing a new approach and documenting the results. Exploring technology trends and insights.,#TechNews #Coding,Technology,2040,174,367,Neutral
POST_223,2026-08-11,14:50:00,CloudCoder,A new feature has been released for users to explore. Exploring business trends and insights.,#Startups #Business,Business,945,16,219,Neutral
POST_087,2026-08-11,16:20:00,AIInsights,Facing some frustrating issues with the latest release. Exploring education trends and insights.,#CareerGrowth #Education #Learning,Education,1991,191,218,Negative
POST_190,2026-08-11,16:20:00,DataNinja,Great insights and an excellent learning experience today. Exploring business trends and insights.,#Marketing #Entrepreneurship #Business #Startups,Business,122,171,80,Positive
POST_133,2026-08-11,20:00:00,AIInsights,Testing a new approach and documenting the results. Exploring ai trends and insights.,#AI #GenerativeAI,AI,2424,278,742,Neutral
POST_029,2026-08-11,23:40:00,DevVibes,The experience has been poor so far and several problems remain. Exploring lifestyle trends and insights.,#DailyLife #Motivation #Productivity #Lifestyle,Lifestyle,2322,130,0,Negative
POST_074,2026-08-12,08:10:00,AnalyticsGuru,So excited to share this wonderful milestone with everyone! Exploring ai trends and insights.,#GenerativeAI #ArtificialIntelligence #MachineLearning #AI,AI,1423,289,229,Positive
POST_174,2026-08-12,09:40:00,AnalyticsGuru,This is a fantastic achievement. Really happy with the progress! Exploring technology trends and insights.,#TechNews #Innovation #Technology #Coding,Technology,337,67,1,Positive
POST_250,2026-08-12,09:50:00,TechNeha,This update was disappointing and the results need improvement. Exploring data science trends and insights.,#DataScience #BigData,Data Science,1026,50,487,Negative
POST_234,2026-08-12,11:40:00,TechNeha,This update was disappointing and the results need improvement. Exploring entertainment trends and insights.,#Entertainment #Trending,Entertainment,1513,52,128,Negative
POST_173,2026-08-12,12:10:00,AIInsights,Testing a new approach and documenting the results. Exploring education trends and insights.,#Education #Python,Education,1744,305,163,Neutral
POST_141,2026-08-12,14:40:00,CodeWithRiya,Facing some frustrating issues with the latest release. Exploring entertainment trends and insights.,#Music #Movies #Entertainment #Trending,Entertainment,2055,248,180,Negative
POST_012,2026-08-12,15:00:00,DataWithAarav,Great insights and an excellent learning experience today. Exploring data science trends and insights.,#DataScience #Python #Analytics #BigData,Data Science,566,57,205,Positive
POST_245,2026-08-12,16:00:00,CodeWithRiya,A new feature has been released for users to explore. Exploring entertainment trends and insights.,#Entertainment #Movies,Entertainment,630,166,310,Neutral
POST_239,2026-08-12,17:00:00,AnalyticsGuru,This is a fantastic achievement. Really happy with the progress! Exploring technology trends and insights.,#Technology #Coding #Innovation #TechNews,Technology,595,8,370,Positive
POST_027,2026-08-12,17:30:00,TechNeha,So excited to share this wonderful milestone with everyone! Exploring entertainment trends and insights.,#Trending #Movies #Entertainment #Music,Entertainment,464,41,253,Positive
POST_166,2026-08-12,20:20:00,MLExplorer,This is a fantastic achievement. Really happy with the progress! Exploring education trends and insights.,#CareerGrowth #Learning,Education,1319,198,287,Positive
POST_213,2026-08-12,22:00:00,CloudCoder,This update was disappointing and the results need improvement. Exploring data science trends and insights.,#Analytics #Python,Data Science,2189,102,302,Negative
POST_249,2026-08-12,23:50:00,AIInsights,Not happy with the current results. More work is required. Exploring business trends and insights.,#Business #Marketing,Business,808,50,142,Negative
POST_231,2026-08-13,08:50:00,AnalyticsGuru,This is a fantastic achievement. Really happy with the progress! Exploring ai trends and insights.,#ArtificialIntelligence #GenerativeAI #MachineLearning #AI,AI,2355,128,314,Positive
POST_206,2026-08-13,10:30:00,CloudCoder,Sharing today's update and the latest observations from the project. Exploring technology trends and insights.,#Coding #Innovation,Technology,1915,263,414,Neutral
POST_020,2026-08-13,11:00:00,MLExplorer,A new feature has been released for users to explore. Exploring technology trends and insights.,#Innovation #Coding,Technology,2370,226,317,Neutral
POST_117,2026-08-13,11:20:00,TechNeha,This update was disappointing and the results need improvement. Exploring education trends and insights.,#Python #Learning,Education,1048,347,424,Negative
POST_077,2026-08-13,12:20:00,DataNinja,Not happy with the current results. More work is required. Exploring education trends and insights.,#Learning #Python #Education #CareerGrowth,Education,1920,155,48,Negative
POST_075,2026-08-13,13:40:00,PythonDev,So excited to share this wonderful milestone with everyone! Exploring technology trends and insights.,#Coding #Innovation,Technology,2285,239,432,Positive
POST_013,2026-08-13,14:10:00,ShreyaAI,Here are some useful insights from the data analysis. Exploring lifestyle trends and insights.,#Lifestyle #DailyLife #Productivity #Motivation,Lifestyle,2184,232,308,Neutral
POST_076,2026-08-13,14:50:00,PythonDev,So excited to share this wonderful milestone with everyone! Exploring entertainment trends and insights.,#Movies #Music #Trending,Entertainment,330,265,89,Positive
POST_156,2026-08-13,14:50:00,MLExplorer,Sharing today's update and the latest observations from the project. Exploring education trends and insights.,#Education #Learning #Python #CareerGrowth,Education,50,334,0,Neutral
POST_002,2026-08-13,15:30:00,DataNinja,Testing a new approach and documenting the results. Exploring business trends and insights.,#Business #Entrepreneurship #Startups #Marketing,Business,1850,184,6,Neutral
POST_151,2026-08-13,17:40:00,CodeWithRiya,This is a fantastic achievement. Really happy with the progress! Exploring lifestyle trends and insights.,#Lifestyle #Motivation #DailyLife #Productivity,Lifestyle,1227,122,276,Positive
POST_155,2026-08-13,20:00:00,CodeWithRiya,A new feature has been released for users to explore. Exploring entertainment trends and insights.,#Movies #Trending #Entertainment #Music,Entertainment,93,64,148,Neutral
POST_238,2026-08-13,20:00:00,DevVibes,Great insights and an excellent learning experience today. Exploring data science trends and insights.,#Analytics #BigData #Python,Data Science,454,322,330,Positive
POST_216,2026-08-13,20:20:00,ShreyaAI,This is a fantastic achievement. Really happy with the progress! Exploring technology trends and insights.,#TechNews #Coding,Technology,95,91,78,Positive
